-- Insert into project_table
INSERT INTO project_table (project_id, title, course_enrolled, date_created, deadline, project_type)
VALUES
  ('ced112cf-2d6c-4922-9237-a4977dd6b4e3', 'Your First Tutorial on Facebook Marketing', 'facebook-marketing', '2024-12-10 02:56:32.955401', '2024-12-19', 'objective'),
  ('0b1eac0b-bb2a-4622-bc9f-5b6a03f2de71', 'The Value of Instagram Marketing in Youth Today', 'instagram-marketing', '2024-12-10 02:57:31.315377', '2024-12-12', 'objective'),
  ('c1b82f64-cf78-4d3b-8039-2b2f537f4c0d', 'Understanding the Importance of Email Marketing', 'email-marketing', '2024-12-10 03:10:25.765423', '2024-12-22', 'objective'),
  ('f9b4ad38-485e-4b30-9cc3-3a2f8a7cf1e3', 'Advanced Strategies in Twitter Marketing', 'twitter-marketing', '2024-12-10 03:15:11.156789', '2024-12-30', 'objective'),
('a74f1b32-8d26-44b8-bf6f-5d5bb53a1e53', 'Mastering the Basics of Facebook Marketing', 'facebook-marketing', '2024-12-11 01:45:20.123456', '2024-12-21', 'objective'),
('c3d2f987-bc4e-40f8-8129-0c2be529810f', 'Instagram Marketing for Beginners', 'instagram-marketing', '2024-12-11 01:50:30.987654', '2024-12-14', 'objective'),
('f62eab64-1e3d-42b3-b679-ded83528f543', 'The Role of Email Marketing in Modern Business', 'email-marketing', '2024-12-11 02:05:40.564738', '2024-12-25', 'objective'),
('d73b3e9b-2a6a-469d-a0d1-bc8ad97cb3e7', 'Twitter Marketing for Growing Brands', 'twitter-marketing', '2024-12-11 02:12:50.789123', '2024-12-28', 'objective'),
('d6e11f76-e8d5-4e5d-bcfc-8a3f70a4293f', 'Getting Started with Facebook Marketing', 'facebook-marketing', '2024-12-12 10:23:14.456789', '2024-12-20', 'objective'),
('b9a37b22-b354-4d80-9e4a-4fbd52ecac2b', 'Exploring Instagram Marketing for Engagement', 'instagram-marketing', '2024-12-12 10:35:56.123456', '2024-12-15', 'objective'),
('8f59f5d7-d397-4708-b94a-f8a7a424d51b', 'Email Marketing Strategies for Conversion', 'email-marketing', '2024-12-12 10:42:33.678910', '2024-12-26', 'objective'),
('b5ec8b87-48e7-432b-a660-f1841d74a6b3', 'Optimizing Twitter Ads for Better Reach', 'twitter-marketing', '2024-12-12 10:50:02.543210', '2024-12-29', 'objective'),
('8c1f0f33-3e14-4b1b-b678-b80c22355f57', 'Facebook Ads and ROI', 'facebook-marketing', '2024-12-19', '2024-12-19', 'theory'),
('e5c1a4bc-d4c5-4dbf-967f-9bb850ffb726', 'Facebook Ads vs Organic', 'facebook-marketing', '2024-12-19', '2024-12-19', 'theory'),
('ac1b8e9c-91e6-45e3-9fc7-305c5b7f2444', 'Twitter Ads for E-commerce', 'twitter-marketing', '2024-12-20', '2024-12-20', 'theory'),
('3f7232ed-9a5c-49ab-b60c-c1e0a38d9b88', 'Effective Twitter Brand Ads', 'twitter-marketing', '2024-12-20', '2024-12-20', 'theory'),
('64d74de9-dab5-467a-bf45-c712eb7ef63f', 'Email List Segmentation', 'email-marketing', '2024-12-22', '2024-12-22', 'theory'),
('9f7685ab-2c5f-4419-8c83-2295aab9f111', 'Optimizing Email Subject Lines', 'email-marketing', '2024-12-22', '2024-12-22', 'theory'),
('0a9a58be-ef1b-4b8f-a124-8fa58c44e37f', 'Instagram Influencer Marketing', 'instagram-marketing', '2024-12-12', '2024-12-12', 'theory'),
('ec4d1e3f-3f2a-4b8a-baf4-faf1a79e1e3e', 'Instagram Hashtag Strategy', 'instagram-marketing', '2024-12-12', '2024-12-12', 'theory');

INSERT INTO objective_questions (project_id, course_enrolled, deadline, question, opt_a, opt_b, opt_c, opt_d, answer)
VALUES
  ('ced112cf-2d6c-4922-9237-a4977dd6b4e3', 'facebook-marketing', '2024-12-19', 'What is the ideal image size for a Facebook feed ad?', '1080 x 1080 pixels', '1200 x 628 pixels', '800 x 600 pixels', '1920 x 1080 pixels', '1200 x 628 pixels'),
  ('ced112cf-2d6c-4922-9237-a4977dd6b4e3', 'facebook-marketing', '2024-12-19', 'What is the primary goal of Facebook Ads for businesses?', 'Brand Awareness', 'Lead Generation', 'Customer Retention', 'Website Traffic', 'Lead Generation'),
  ('ced112cf-2d6c-4922-9237-a4977dd6b4e3', 'facebook-marketing', '2024-12-19', 'Which Facebook feature helps you track ad conversions?', 'Facebook Pixel', 'Facebook Insights', 'Audience Manager', 'Facebook Analytics', 'Facebook Pixel'),
  ('ced112cf-2d6c-4922-9237-a4977dd6b4e3', 'facebook-marketing', '2024-12-19', 'What is the most effective Facebook ad format for eCommerce businesses?', 'Carousel Ads', 'Image Ads', 'Video Ads', 'Collection Ads', 'Carousel Ads'),
  ('ced112cf-2d6c-4922-9237-a4977dd6b4e3', 'facebook-marketing', '2024-12-19', 'How can businesses target specific audiences based on interests on Facebook?', 'Through Custom Audiences', 'By using lookalike audiences', 'By creating broad targeting', 'By using behavioral targeting', 'Through Custom Audiences'),
  ('ced112cf-2d6c-4922-9237-a4977dd6b4e3', 'facebook-marketing', '2024-12-19', 'What does the Facebook "Lookalike Audience" feature do?', 'Finds users with similar interests', 'Targets users with higher purchase intent', 'Analyzes user location data', 'Targets only friends of followers', 'Finds users with similar interests'),
  ('ced112cf-2d6c-4922-9237-a4977dd6b4e3', 'facebook-marketing', '2024-12-19', 'What does Facebook use to measure the success of an ad campaign?', 'Conversion Rate', 'Click-through Rate (CTR)', 'Cost per Click (CPC)', 'Return on Ad Spend (ROAS)', 'Return on Ad Spend (ROAS)'),
  ('ced112cf-2d6c-4922-9237-a4977dd6b4e3', 'facebook-marketing', '2024-12-19', 'What is the key difference between Facebook Ads and Google Ads?', 'Facebook Ads are social media-based, while Google Ads are search-engine-based', 'Facebook Ads allow video content, while Google Ads do not', 'Google Ads are cheaper than Facebook Ads', 'Facebook Ads only target younger demographics', 'Facebook Ads are social media-based, while Google Ads are search-engine-based'),
  ('ced112cf-2d6c-4922-9237-a4977dd6b4e3', 'facebook-marketing', '2024-12-19', 'What does "Facebook Insights" provide for advertisers?', 'Detailed audience data and engagement metrics', 'Only the number of impressions', 'A report on ad spend', 'Total engagement metrics', 'Detailed audience data and engagement metrics'),
  ('ced112cf-2d6c-4922-9237-a4977dd6b4e3', 'facebook-marketing', '2024-12-19', 'Which of the following is NOT a type of Facebook Ad?', 'Product Feed Ads', 'Video Ads', 'Messenger Ads', 'Lead Ads', 'Product Feed Ads'),
  ('ced112cf-2d6c-4922-9237-a4977dd6b4e3', 'facebook-marketing', '2024-12-19', 'What does the "Facebook Pixel" do?', 'Tracks user behavior across websites', 'Tracks Facebook ad performance only', 'Tracks Instagram performance', 'Automates audience creation for ads', 'Tracks user behavior across websites'),
  ('ced112cf-2d6c-4922-9237-a4977dd6b4e3', 'facebook-marketing', '2024-12-19', 'Which objective should be selected for a Facebook campaign focused on driving sales?', 'Conversions', 'Brand Awareness', 'Lead Generation', 'Traffic', 'Conversions'),
  ('ced112cf-2d6c-4922-9237-a4977dd6b4e3', 'facebook-marketing', '2024-12-19', 'What is the recommended frequency cap for Facebook Ads to avoid ad fatigue?', '1-2 times per day', '3-4 times per day', '5-6 times per week', 'Once per week', '1-2 times per day'),
  ('ced112cf-2d6c-4922-9237-a4977dd6b4e3', 'facebook-marketing', '2024-12-19', 'Which Facebook feature can businesses use to encourage immediate action from users?', 'Call-to-Action Buttons', 'Event Promos', 'Discount Coupons', 'Influencer Marketing', 'Call-to-Action Buttons'),
  ('ced112cf-2d6c-4922-9237-a4977dd6b4e3', 'facebook-marketing', '2024-12-19', 'Which is the best format for promoting new products on Facebook?', 'Video Ads', 'Carousel Ads', 'Image Ads', 'Sponsored Posts', 'Carousel Ads'),
  ('ced112cf-2d6c-4922-9237-a4977dd6b4e3', 'facebook-marketing', '2024-12-19', 'What is Facebook’s “Dynamic Ads” feature used for?', 'Personalizing ads for specific users', 'Running promotions during holidays', 'Creating multiple ad variations at once', 'Improving ad budget management', 'Personalizing ads for specific users'),
  ('ced112cf-2d6c-4922-9237-a4977dd6b4e3', 'facebook-marketing', '2024-12-19', 'How can Facebook Ads enhance customer loyalty?', 'By re-targeting past visitors to the website', 'By targeting only new customers', 'By increasing the frequency of ads shown to customers', 'By offering free products', 'By re-targeting past visitors to the website'),
  ('ced112cf-2d6c-4922-9237-a4977dd6b4e3', 'facebook-marketing', '2024-12-19', 'What is a key metric to track in Facebook Ads for measuring ad relevance?', 'Relevance Score', 'Click-Through Rate', 'Cost per Click', 'Impressions', 'Relevance Score'),
('0b1eac0b-bb2a-4622-bc9f-5b6a03f2de71', 'instagram-marketing', '2024-12-12', 'What is the ideal post length for Instagram marketing?', '100 characters', '200 characters', '250 characters', '150 characters', '200 characters'),
  ('0b1eac0b-bb2a-4622-bc9f-5b6a03f2de71', 'instagram-marketing', '2024-12-12', 'Which feature allows Instagram businesses to connect with audiences?', 'Instagram Stories', 'Instagram Live', 'Instagram Ads', 'Instagram Direct', 'Instagram Ads'),
  ('0b1eac0b-bb2a-4622-bc9f-5b6a03f2de71', 'instagram-marketing', '2024-12-12', 'What is the best time to post on Instagram for maximum engagement?', '8 AM to 10 AM', '10 AM to 12 PM', '6 PM to 8 PM', '2 PM to 4 PM', '6 PM to 8 PM'),
  ('0b1eac0b-bb2a-4622-bc9f-5b6a03f2de71', 'instagram-marketing', '2024-12-12', 'Which Instagram tool allows users to interact directly with followers?', 'Instagram Stories', 'Instagram Live', 'Instagram Direct', 'Instagram Posts', 'Instagram Direct'),
  ('0b1eac0b-bb2a-4622-bc9f-5b6a03f2de71', 'instagram-marketing', '2024-12-12', 'Which Instagram feature is used to create temporary content that disappears after 24 hours?', 'Instagram Posts', 'Instagram Stories', 'Instagram Direct', 'Instagram Reels', 'Instagram Stories'),
  ('0b1eac0b-bb2a-4622-bc9f-5b6a03f2de71', 'instagram-marketing', '2024-12-12', 'What is the maximum length of a video in an Instagram post?', '30 seconds', '60 seconds', '90 seconds', '120 seconds', '60 seconds'),
  ('0b1eac0b-bb2a-4622-bc9f-5b6a03f2de71', 'instagram-marketing', '2024-12-12', 'What is the ideal image resolution for Instagram feed posts?', '640 x 640 pixels', '1080 x 1080 pixels', '800 x 800 pixels', '1200 x 1200 pixels', '1080 x 1080 pixels'),
  ('0b1eac0b-bb2a-4622-bc9f-5b6a03f2de71', 'instagram-marketing', '2024-12-12', 'Which Instagram feature helps businesses measure their audience reach?', 'Instagram Ads', 'Instagram Insights', 'Instagram Stories', 'Instagram Reels', 'Instagram Insights'),
  ('0b1eac0b-bb2a-4622-bc9f-5b6a03f2de71', 'instagram-marketing', '2024-12-12', 'What is the maximum number of hashtags allowed in an Instagram post?', '5 hashtags', '10 hashtags', '20 hashtags', '30 hashtags', '30 hashtags'),
  ('0b1eac0b-bb2a-4622-bc9f-5b6a03f2de71', 'instagram-marketing', '2024-12-12', 'How long can a video be in an Instagram Story?', '10 seconds', '20 seconds', '30 seconds', '60 seconds', '15 seconds'),
  ('0b1eac0b-bb2a-4622-bc9f-5b6a03f2de71', 'instagram-marketing', '2024-12-12', 'Which feature allows Instagram users to create a collection of saved posts?', 'Instagram Reels', 'Instagram Highlights', 'Instagram Stories', 'Instagram Posts', 'Instagram Highlights'),
  ('0b1eac0b-bb2a-4622-bc9f-5b6a03f2de71', 'instagram-marketing', '2024-12-12', 'What is the purpose of using Instagram Ads?', 'Building brand loyalty', 'Increasing followers', 'Generating sales and leads', 'Increasing engagement on posts', 'Generating sales and leads'),
  ('0b1eac0b-bb2a-4622-bc9f-5b6a03f2de71', 'instagram-marketing', '2024-12-12', 'Which type of Instagram content has the highest engagement rate?', 'Instagram Ads', 'Instagram Reels', 'Instagram Stories', 'Instagram Posts', 'Instagram Stories'),
  ('0b1eac0b-bb2a-4622-bc9f-5b6a03f2de71', 'instagram-marketing', '2024-12-12', 'What is the best way to increase organic reach on Instagram?', 'Using hashtags', 'Posting at peak times', 'Running Instagram Ads', 'Tagging followers', 'Posting at peak times'),
  ('0b1eac0b-bb2a-4622-bc9f-5b6a03f2de71', 'instagram-marketing', '2024-12-12', 'Which Instagram feature is most beneficial for showcasing short-form video content?', 'Instagram Stories', 'Instagram Live', 'Instagram Reels', 'Instagram Posts', 'Instagram Reels'),
  ('0b1eac0b-bb2a-4622-bc9f-5b6a03f2de71', 'instagram-marketing', '2024-12-12', 'What is the role of Instagram influencers in marketing?', 'Creating organic content', 'Paying for Instagram Ads', 'Building follower count', 'Creating viral trends', 'Creating organic content'),
  ('0b1eac0b-bb2a-4622-bc9f-5b6a03f2de71', 'instagram-marketing', '2024-12-12', 'What is a common reason why Instagram accounts are banned?', 'Violating content guidelines', 'Posting too frequently', 'Low engagement rates', 'Using too many hashtags', 'Violating content guidelines'),
  ('0b1eac0b-bb2a-4622-bc9f-5b6a03f2de71', 'instagram-marketing', '2024-12-12', 'What is the most effective use of Instagram Stories for businesses?', 'Sharing promotional content', 'Engaging with followers', 'Posting long-form content', 'Announcing product launches', 'Engaging with followers'),
  ('f9b4ad38-485e-4b30-9cc3-3a2f8a7cf1e3', 'twitter-marketing', '2024-12-30', 'What is the maximum number of characters allowed in a Twitter post?', '120 characters', '140 characters', '280 characters', '500 characters', '280 characters'),
  ('f9b4ad38-485e-4b30-9cc3-3a2f8a7cf1e3', 'twitter-marketing', '2024-12-30', 'What does the “retweet” button on Twitter do?', 'Shares a post with followers', 'Saves a post to your profile', 'Marks a post as spam', 'Allows replying to a post', 'Shares a post with followers'),
  ('f9b4ad38-485e-4b30-9cc3-3a2f8a7cf1e3', 'twitter-marketing', '2024-12-15', 'What is the maximum character count for a tweet?', '100 characters', '140 characters', '280 characters', '300 characters', '280 characters'),
  ('f9b4ad38-485e-4b30-9cc3-3a2f8a7cf1e3', 'twitter-marketing', '2024-12-15', 'Which of the following is NOT a Twitter marketing feature?', 'Twitter Ads', 'Twitter Analytics', 'Twitter Stories', 'Twitter Trends', 'Twitter Stories'),
  ('f9b4ad38-485e-4b30-9cc3-3a2f8a7cf1e3', 'twitter-marketing', '2024-12-15', 'What is the main purpose of Twitter Ads?', 'Building brand awareness', 'Increasing followers', 'Promoting products', 'All of the above', 'All of the above'),
  ('f9b4ad38-485e-4b30-9cc3-3a2f8a7cf1e3', 'twitter-marketing', '2024-12-15', 'Which metric is important for measuring Twitter engagement?', 'Number of followers', 'Number of retweets', 'Impressions', 'Number of likes', 'Number of retweets'),
  ('f9b4ad38-485e-4b30-9cc3-3a2f8a7cf1e3', 'twitter-marketing', '2024-12-15', 'What is a Twitter “hashtag” used for?', 'Categorizing tweets', 'Scheduling tweets', 'Promoting ads', 'Monitoring trends', 'Categorizing tweets'),
  ('f9b4ad38-485e-4b30-9cc3-3a2f8a7cf1e3', 'twitter-marketing', '2024-12-15', 'Which feature on Twitter allows users to post images, videos, and GIFs?', 'Tweets', 'Threads', 'Twitter Stories', 'Twitter Media', 'Tweets'),
  ('f9b4ad38-485e-4b30-9cc3-3a2f8a7cf1e3', 'twitter-marketing', '2024-12-15', 'What is the main benefit of using Twitter Analytics?', 'Tracking engagement rates', 'Scheduling tweets', 'Building ads campaigns', 'Tracking trending topics', 'Tracking engagement rates'),
  ('f9b4ad38-485e-4b30-9cc3-3a2f8a7cf1e3', 'twitter-marketing', '2024-12-15', 'How long can a video be in a tweet?', '15 seconds', '30 seconds', '60 seconds', '2 minutes 20 seconds', '2 minutes 20 seconds'),
  ('f9b4ad38-485e-4b30-9cc3-3a2f8a7cf1e3', 'twitter-marketing', '2024-12-15', 'What type of content is best for increasing Twitter engagement?', 'Visual content (images/videos)', 'Text-based tweets', 'Polls', 'Links to external sites', 'Visual content (images/videos)'),
  ('f9b4ad38-485e-4b30-9cc3-3a2f8a7cf1e3', 'twitter-marketing', '2024-12-15', 'Which of the following Twitter metrics measures user interaction with tweets?', 'Impressions', 'Likes', 'Engagement rate', 'Retweets', 'Engagement rate'),
  ('f9b4ad38-485e-4b30-9cc3-3a2f8a7cf1e3', 'twitter-marketing', '2024-12-15', 'What is a Twitter “Thread”?', 'A series of tweets connected by hashtags', 'A series of connected tweets for a longer story', 'A collection of retweets', 'A media gallery', 'A series of connected tweets for a longer story'),
  ('f9b4ad38-485e-4b30-9cc3-3a2f8a7cf1e3', 'twitter-marketing', '2024-12-15', 'Which of these is NOT a recommended strategy for Twitter marketing?', 'Using trending hashtags', 'Posting frequently with no value', 'Engaging with followers', 'Running Twitter Ads', 'Posting frequently with no value'),
  ('f9b4ad38-485e-4b30-9cc3-3a2f8a7cf1e3', 'twitter-marketing', '2024-12-15', 'What is the Twitter “Trending” feature?', 'The most popular tweets in a specific region', 'Tweets with the most retweets', 'Tweets with hashtags', 'Tweets by verified accounts', 'The most popular tweets in a specific region'),
  ('f9b4ad38-485e-4b30-9cc3-3a2f8a7cf1e3', 'twitter-marketing', '2024-12-15', 'Which Twitter feature allows users to create polls for their followers?', 'Twitter Threads', 'Twitter Spaces', 'Twitter Polls', 'Twitter Ads', 'Twitter Polls'),
  ('f9b4ad38-485e-4b30-9cc3-3a2f8a7cf1e3', 'twitter-marketing', '2024-12-15', 'How can you increase your followers on Twitter?', 'By posting frequently and engaging', 'By using Twitter Ads', 'By sharing viral content', 'All of the above', 'All of the above'),
  ('f9b4ad38-485e-4b30-9cc3-3a2f8a7cf1e3', 'twitter-marketing', '2024-12-15', 'What does the “Verified” badge on Twitter mean?', 'The account is a business account', 'The account is famous', 'The account is official and authentic', 'The account is an influencer', 'The account is official and authentic'),
  ('f9b4ad38-485e-4b30-9cc3-3a2f8a7cf1e3', 'twitter-marketing', '2024-12-15', 'What is Twitter’s “Spaces” feature?', 'Live audio discussions with other users', 'Video chats with followers', 'Group messaging feature', 'Event calendar for businesses', 'Live audio discussions with other users'),
  ('c1b82f64-cf78-4d3b-8039-2b2f537f4c0d', 'email-marketing', '2024-12-22', 'What is the primary purpose of email marketing?', 'Building brand awareness', 'Directly increasing sales', 'Building relationships with customers', 'All of the above', 'All of the above'),
  ('c1b82f64-cf78-4d3b-8039-2b2f537f4c0d', 'email-marketing', '2024-12-22', 'What is an email subject line’s primary function?', 'To provide additional content', 'To grab the reader’s attention', 'To summarize the email’s content', 'To provide personalization', 'To grab the reader’s attention'),
  ('c1b82f64-cf78-4d3b-8039-2b2f537f4c0d', 'email-marketing', '2024-12-22', 'What does “open rate” refer to in email marketing?', 'Percentage of emails that were opened', 'Number of unsubscribes from the email list', 'Click-through rate of links in the email', 'Bounce rate of emails', 'Percentage of emails that were opened'),
  ('c1b82f64-cf78-4d3b-8039-2b2f537f4c0d', 'email-marketing', '2024-12-22', 'What is the main advantage of segmenting an email list?', 'Targeting specific groups with tailored content', 'Improving open rates', 'Reducing email delivery issues', 'Avoiding spam filters', 'Targeting specific groups with tailored content'),
  ('c1b82f64-cf78-4d3b-8039-2b2f537f4c0d', 'email-marketing', '2024-12-22', 'Which of the following is NOT a best practice for email marketing?', 'Using a clear call to action', 'Sending emails at random times', 'Personalizing the email content', 'Using an enticing subject line', 'Sending emails at random times'),
  ('c1b82f64-cf78-4d3b-8039-2b2f537f4c0d', 'email-marketing', '2024-12-22', 'What does “CTR” stand for in email marketing?', 'Click-through rate', 'Customer retention rate', 'Cost to return', 'Click-through review', 'Click-through rate'),
  ('c1b82f64-cf78-4d3b-8039-2b2f537f4c0d', 'email-marketing', '2024-12-22', 'What is the significance of a well-designed email template?', 'Increases open rate', 'Ensures better deliverability', 'Improves engagement', 'All of the above', 'All of the above'),
  ('c1b82f64-cf78-4d3b-8039-2b2f537f4c0d', 'email-marketing', '2024-12-22', 'What should be included in an email’s CTA (Call-to-Action)?', 'Clear and actionable text', 'A list of links to other emails', 'A personalized greeting', 'A subject line', 'Clear and actionable text'),
  ('c1b82f64-cf78-4d3b-8039-2b2f537f4c0d', 'email-marketing', '2024-12-22', 'Why is A/B testing important in email marketing?', 'To increase open rates', 'To test different email designs', 'To compare subject lines and content for better engagement', 'To reduce unsubscribes', 'To compare subject lines and content for better engagement'),
  ('c1b82f64-cf78-4d3b-8039-2b2f537f4c0d', 'email-marketing', '2024-12-22', 'What is the role of email personalization?', 'To make emails look more official', 'To increase customer engagement by making the email relevant', 'To include more offers', 'To track user behavior', 'To increase customer engagement by making the email relevant'),
  ('c1b82f64-cf78-4d3b-8039-2b2f537f4c0d', 'email-marketing', '2024-12-22', 'Which of the following is essential to avoid in email marketing?', 'Using compelling subject lines', 'Sending irrelevant emails', 'Personalizing emails', 'Including a CTA', 'Sending irrelevant emails'),
  ('c1b82f64-cf78-4d3b-8039-2b2f537f4c0d', 'email-marketing', '2024-12-22', 'Which is a good practice for increasing the email open rate?', 'Sending emails without a subject line', 'Using clear, relevant subject lines', 'Sending emails at night', 'Sending only one email per month', 'Using clear, relevant subject lines'),
  ('c1b82f64-cf78-4d3b-8039-2b2f537f4c0d', 'email-marketing', '2024-12-22', 'What does a “bounce rate” in email marketing indicate?', 'Emails that get flagged as spam', 'Emails that didn’t get opened', 'Emails that failed to be delivered', 'Emails that resulted in unsubscribes', 'Emails that failed to be delivered'),
  ('c1b82f64-cf78-4d3b-8039-2b2f537f4c0d', 'email-marketing', '2024-12-22', 'What is the best way to handle email unsubscribes?', 'Ignore them', 'Continue sending emails', 'Remove them from the list immediately', 'Send a follow-up email to ask why they unsubscribed', 'Remove them from the list immediately'),
  ('c1b82f64-cf78-4d3b-8039-2b2f537f4c0d', 'email-marketing', '2024-12-22', 'Which of these can be used to improve email engagement?', 'Personalized subject lines', 'Using images and multimedia', 'Including discounts or promotions', 'All of the above', 'All of the above'),
  ('c1b82f64-cf78-4d3b-8039-2b2f537f4c0d', 'email-marketing', '2024-12-22', 'What is an autoresponder in email marketing?', 'A tool for sending automated follow-up emails', 'A tool for scheduling emails', 'A tool for measuring campaign performance', 'A tool for personalizing email content', 'A tool for sending automated follow-up emails'),
  ('c1b82f64-cf78-4d3b-8039-2b2f537f4c0d', 'email-marketing', '2024-12-22', 'What metric is most important for evaluating the effectiveness of email content?', 'Open rate', 'Click-through rate', 'Conversion rate', 'Bounce rate', 'Click-through rate'),
  ('c3d2f987-bc4e-40f8-8129-0c2be529810f', 'instagram-marketing', '2024-12-14', 'What is the main purpose of Instagram marketing?', 'Increasing brand visibility', 'Generating sales directly', 'Building community relationships', 'All of the above', 'All of the above'),
  ('c3d2f987-bc4e-40f8-8129-0c2be529810f', 'instagram-marketing', '2024-12-14', 'Which type of content performs best on Instagram?', 'High-quality images and videos', 'Text-only posts', 'Links to blog posts', 'Product catalogs', 'High-quality images and videos'),
  ('c3d2f987-bc4e-40f8-8129-0c2be529810f', 'instagram-marketing', '2024-12-14', 'How can hashtags help in Instagram marketing?', 'Increase post visibility and engagement', 'Increase sales directly', 'Build community trust', 'Enhance website SEO', 'Increase post visibility and engagement'),
  ('c3d2f987-bc4e-40f8-8129-0c2be529810f', 'instagram-marketing', '2024-12-14', 'What is Instagram Stories used for?', 'Sharing temporary content', 'Highlighting promotions', 'Building deeper engagement', 'All of the above', 'All of the above'),
  ('c3d2f987-bc4e-40f8-8129-0c2be529810f', 'instagram-marketing', '2024-12-14', 'How often should businesses post on Instagram?', 'Once a day', 'Several times a week', 'Once a week', 'It varies depending on the goals and audience', 'It varies depending on the goals and audience'),
  ('c3d2f987-bc4e-40f8-8129-0c2be529810f', 'instagram-marketing', '2024-12-14', 'What is the purpose of Instagram Ads?', 'Targeting a specific audience with paid content', 'Growing an Instagram following', 'Increasing organic engagement', 'Sharing images only', 'Targeting a specific audience with paid content'),
  ('c3d2f987-bc4e-40f8-8129-0c2be529810f', 'instagram-marketing', '2024-12-14', 'Which metric is essential to track on Instagram?', 'Engagement rate', 'Follower count', 'Reach and impressions', 'All of the above', 'All of the above'),
  ('c3d2f987-bc4e-40f8-8129-0c2be529810f', 'instagram-marketing', '2024-12-14', 'How can businesses use Instagram’s shopping feature?', 'Tagging products in posts for easy purchase', 'Offering discount codes', 'Creating affiliate links', 'Posting sale alerts', 'Tagging products in posts for easy purchase'),
  ('c3d2f987-bc4e-40f8-8129-0c2be529810f', 'instagram-marketing', '2024-12-14', 'What is the advantage of using Instagram’s “Explore” tab?', 'Discovering new audiences', 'Building a niche community', 'Promoting posts to specific groups', 'All of the above', 'Discovering new audiences'),
  ('c3d2f987-bc4e-40f8-8129-0c2be529810f', 'instagram-marketing', '2024-12-14', 'What is the purpose of using Instagram captions?', 'To describe images', 'To engage users with relevant hashtags', 'To prompt action from followers', 'All of the above', 'All of the above'),
  ('c3d2f987-bc4e-40f8-8129-0c2be529810f', 'instagram-marketing', '2024-12-14', 'Which of the following is a recommended Instagram marketing strategy?', 'Consistency in posting', 'Using only relevant hashtags', 'Engaging with followers regularly', 'All of the above', 'All of the above'),
  ('c3d2f987-bc4e-40f8-8129-0c2be529810f', 'instagram-marketing', '2024-12-14', 'Why is Instagram Influencer Marketing effective?', 'Influencers have a trusted relationship with their followers', 'It can drive direct sales', 'It boosts engagement rates', 'All of the above', 'All of the above'),
  ('c3d2f987-bc4e-40f8-8129-0c2be529810f', 'instagram-marketing', '2024-12-14', 'How can Instagram Reels be used for marketing?', 'Sharing short-form content', 'Promoting new products', 'Engaging with followers through creative visuals', 'All of the above', 'All of the above'),
  ('c3d2f987-bc4e-40f8-8129-0c2be529810f', 'instagram-marketing', '2024-12-14', 'What are Instagram Highlights used for?', 'Showing popular posts that don’t disappear', 'Pinning product reviews', 'Creating Instagram Stories', 'Tracking engagement metrics', 'Showing popular posts that don’t disappear'),
  ('c3d2f987-bc4e-40f8-8129-0c2be529810f', 'instagram-marketing', '2024-12-14', 'What is the purpose of Instagram analytics?', 'To track content performance', 'To optimize ad campaigns', 'To monitor engagement', 'All of the above', 'All of the above'),
  ('c3d2f987-bc4e-40f8-8129-0c2be529810f', 'instagram-marketing', '2024-12-14', 'What is the purpose of Instagram Ads targeting?', 'Reaching a specific audience', 'Increasing impressions', 'Boosting brand awareness', 'All of the above', 'All of the above'),
  ('c3d2f987-bc4e-40f8-8129-0c2be529810f', 'instagram-marketing', '2024-12-14', 'What is an effective way to increase engagement on Instagram?', 'Posting interactive content', 'Promoting posts', 'Running giveaways', 'All of the above', 'All of the above'),
  ('a74f1b32-8d26-44b8-bf6f-5d5bb53a1e53', 'facebook-marketing', '2024-12-21', 'What is the primary goal of Facebook marketing?', 'Brand awareness', 'Customer engagement', 'Lead generation', 'All of the above', 'All of the above'),
  ('a74f1b32-8d26-44b8-bf6f-5d5bb53a1e53', 'facebook-marketing', '2024-12-21', 'What is the most important factor in Facebook ads targeting?', 'Demographic data', 'Behavioral data', 'Interests', 'Location', 'Behavioral data'),
  ('a74f1b32-8d26-44b8-bf6f-5d5bb53a1e53', 'facebook-marketing', '2024-12-21', 'What is the benefit of using Facebook Insights for marketers?', 'Track ad performance', 'Target specific users', 'Measure ROI', 'All of the above', 'All of the above'),
  ('a74f1b32-8d26-44b8-bf6f-5d5bb53a1e53', 'facebook-marketing', '2024-12-21', 'Which type of content tends to perform best on Facebook?', 'Images and videos', 'Text-only posts', 'Links to articles', 'Polls', 'Images and videos'),
  ('a74f1b32-8d26-44b8-bf6f-5d5bb53a1e53', 'facebook-marketing', '2024-12-21', 'How can Facebook Ads help small businesses?', 'By reaching a wider audience', 'By targeting specific demographics', 'By increasing website traffic', 'All of the above', 'All of the above'),
  ('a74f1b32-8d26-44b8-bf6f-5d5bb53a1e53', 'facebook-marketing', '2024-12-21', 'What does the "Facebook Pixel" do?', 'Track user interactions on your website', 'Monitor social media mentions', 'Analyze competitor ads', 'Measure email campaign success', 'Track user interactions on your website'),
  ('a74f1b32-8d26-44b8-bf6f-5d5bb53a1e53', 'facebook-marketing', '2024-12-21', 'What is a CTA (Call to Action) in Facebook marketing?', 'An image in the ad', 'A clickable button that directs action', 'A demographic target', 'A tracking tool', 'A clickable button that directs action'),
  ('a74f1b32-8d26-44b8-bf6f-5d5bb53a1e53', 'facebook-marketing', '2024-12-21', 'Which type of Facebook ad format is designed for eCommerce?', 'Carousel ads', 'Slideshow ads', 'Video ads', 'Stories ads', 'Carousel ads'),
  ('a74f1b32-8d26-44b8-bf6f-5d5bb53a1e53', 'facebook-marketing', '2024-12-21', 'What is the role of Facebook’s “Lookalike Audience” feature?', 'To find new customers who resemble existing ones', 'To increase ad reach', 'To retarget users who clicked your ad', 'To create viral content', 'To find new customers who resemble existing ones'),
  ('a74f1b32-8d26-44b8-bf6f-5d5bb53a1e53', 'facebook-marketing', '2024-12-21', 'Which factor affects Facebook ad costs?', 'Bid amount', 'Audience size', 'Ad quality', 'All of the above', 'All of the above'),
  ('a74f1b32-8d26-44b8-bf6f-5d5bb53a1e53', 'facebook-marketing', '2024-12-21', 'What is the best way to increase engagement on a Facebook page?', 'Posting consistently and engaging with followers', 'Running paid ads', 'Increasing page likes', 'Using hashtags', 'Posting consistently and engaging with followers'),
  ('a74f1b32-8d26-44b8-bf6f-5d5bb53a1e53', 'facebook-marketing', '2024-12-21', 'What is the “Reach” metric in Facebook marketing?', 'The total number of people who saw your post', 'The number of clicks on your ad', 'The amount of engagement your post received', 'The amount of time spent on your ad', 'The total number of people who saw your post'),
  ('a74f1b32-8d26-44b8-bf6f-5d5bb53a1e53', 'facebook-marketing', '2024-12-21', 'How do you create a custom audience on Facebook?', 'By uploading a customer list or using website traffic data', 'By selecting location and interests', 'By selecting demographic information only', 'By using Facebook group data', 'By uploading a customer list or using website traffic data'),
  ('a74f1b32-8d26-44b8-bf6f-5d5bb53a1e53', 'facebook-marketing', '2024-12-21', 'Why is it important to track the ROI (Return on Investment) of Facebook Ads?', 'To justify marketing spend', 'To optimize ad campaigns', 'To ensure the business is reaching its goals', 'All of the above', 'All of the above'),
  ('a74f1b32-8d26-44b8-bf6f-5d5bb53a1e53', 'facebook-marketing', '2024-12-21', 'Which ad placement options are available for Facebook Ads?', 'Feed', 'Stories', 'Messenger', 'All of the above', 'All of the above'),
  ('a74f1b32-8d26-44b8-bf6f-5d5bb53a1e53', 'facebook-marketing', '2024-12-21', 'What is the difference between organic and paid Facebook posts?', 'Organic posts are unpaid, while paid posts are boosted', 'Organic posts reach more users', 'Paid posts are better for engagement', 'Organic posts include images', 'Organic posts are unpaid, while paid posts are boosted'),
  ('a74f1b32-8d26-44b8-bf6f-5d5bb53a1e53', 'facebook-marketing', '2024-12-21', 'Which of the following is an effective way to increase Facebook page likes?', 'Running a Facebook contest', 'Promoting posts', 'Cross-promoting on other platforms', 'All of the above', 'All of the above'),
  ('d73b3e9b-2a6a-469d-a0d1-bc8ad97cb3e7', 'twitter-marketing', '2024-12-28', 'What is the primary benefit of using Twitter for marketing?', 'Reaching a broad audience quickly', 'Building personal relationships', 'Advertising products only', 'All of the above', 'Reaching a broad audience quickly'),
  ('d73b3e9b-2a6a-469d-a0d1-bc8ad97cb3e7', 'twitter-marketing', '2024-12-28', 'How often should businesses tweet on Twitter?', 'Several times a day', 'Once a day', 'Once a week', 'Once a month', 'Several times a day'),
  ('d73b3e9b-2a6a-469d-a0d1-bc8ad97cb3e7', 'twitter-marketing', '2024-12-28', 'What is the purpose of Twitter hashtags?', 'Increasing the visibility of tweets', 'Joining trending topics', 'Categorizing tweets', 'All of the above', 'All of the above'),
  ('d73b3e9b-2a6a-469d-a0d1-bc8ad97cb3e7', 'twitter-marketing', '2024-12-28', 'What is a Twitter “Retweet”?', 'Sharing someone else’s tweet with your followers', 'Posting a new tweet', 'Replying to a tweet', 'None of the above', 'Sharing someone else’s tweet with your followers'),
  ('d73b3e9b-2a6a-469d-a0d1-bc8ad97cb3e7', 'twitter-marketing', '2024-12-28', 'What is the best type of content to share on Twitter?', 'Short, engaging content', 'Long-form content', 'Videos', 'All of the above', 'Short, engaging content'),
  ('d73b3e9b-2a6a-469d-a0d1-bc8ad97cb3e7', 'twitter-marketing', '2024-12-28', 'What is Twitter’s character limit for tweets?', '280 characters', '140 characters', '500 characters', '100 characters', '280 characters'),
  ('d73b3e9b-2a6a-469d-a0d1-bc8ad97cb3e7', 'twitter-marketing', '2024-12-28', 'What is a “Twitter Poll”?', 'A feature that lets users ask questions and get votes', 'A type of tweet', 'A video post', 'A message with an image', 'A feature that lets users ask questions and get votes'),
  ('d73b3e9b-2a6a-469d-a0d1-bc8ad97cb3e7', 'twitter-marketing', '2024-12-28', 'What is the most effective way to engage followers on Twitter?', 'Running giveaways', 'Posting frequently', 'Replying to followers’ tweets', 'All of the above', 'All of the above'),
  ('d73b3e9b-2a6a-469d-a0d1-bc8ad97cb3e7', 'twitter-marketing', '2024-12-28', 'What does Twitter Analytics help businesses with?', 'Tracking follower growth', 'Measuring engagement', 'Optimizing tweet performance', 'All of the above', 'All of the above'),
  ('d73b3e9b-2a6a-469d-a0d1-bc8ad97cb3e7', 'twitter-marketing', '2024-12-28', 'What is the role of Twitter Ads?', 'To target specific demographics', 'To grow followers', 'To boost tweet engagement', 'All of the above', 'All of the above'),
  ('d73b3e9b-2a6a-469d-a0d1-bc8ad97cb3e7', 'twitter-marketing', '2024-12-28', 'What is the benefit of using Twitter Lists?', 'Organizing followers into categories', 'Boosting engagement', 'Increasing the tweet reach', 'All of the above', 'Organizing followers into categories'),
  ('d73b3e9b-2a6a-469d-a0d1-bc8ad97cb3e7', 'twitter-marketing', '2024-12-28', 'Why is Twitter useful for customer service?', 'Allows real-time communication', 'Direct messages are private', 'Customers can easily tweet complaints', 'All of the above', 'All of the above'),
  ('d73b3e9b-2a6a-469d-a0d1-bc8ad97cb3e7', 'twitter-marketing', '2024-12-28', 'What is the purpose of Twitter Moments?', 'Sharing and curating tweets around a specific topic', 'Boosting engagement', 'Promoting ads', 'Increasing reach', 'Sharing and curating tweets around a specific topic'),
  ('d73b3e9b-2a6a-469d-a0d1-bc8ad97cb3e7', 'twitter-marketing', '2024-12-28', 'How does Twitter help businesses grow brand awareness?', 'By encouraging user-generated content', 'By increasing visibility of content', 'By using Twitter influencers', 'All of the above', 'All of the above'),
  ('d73b3e9b-2a6a-469d-a0d1-bc8ad97cb3e7', 'twitter-marketing', '2024-12-28', 'What is a Twitter “Thread”?', 'A series of connected tweets', 'A single tweet', 'A group of images', 'A video post', 'A series of connected tweets'),
  ('d6e11f76-e8d5-4e5d-bcfc-8a3f70a4293f', 'facebook-marketing', '2024-12-20', 'What is the primary goal of Facebook marketing?', 'Building brand awareness', 'Increasing customer loyalty', 'Generating direct sales', 'All of the above', 'All of the above'),
  ('d6e11f76-e8d5-4e5d-bcfc-8a3f70a4293f', 'facebook-marketing', '2024-12-20', 'Which of the following is a Facebook marketing tool?', 'Facebook Ads Manager', 'Google Ads', 'LinkedIn Campaign Manager', 'Instagram Analytics', 'Facebook Ads Manager'),
  ('d6e11f76-e8d5-4e5d-bcfc-8a3f70a4293f', 'facebook-marketing', '2024-12-20', 'What type of content performs best on Facebook?', 'Videos', 'Images', 'Text-only posts', 'Links', 'Videos'),
  ('d6e11f76-e8d5-4e5d-bcfc-8a3f70a4293f', 'facebook-marketing', '2024-12-20', 'How can Facebook Ads be targeted?', 'By age, location, and interests', 'By the weather', 'By competitor brands', 'None of the above', 'By age, location, and interests'),
  ('d6e11f76-e8d5-4e5d-bcfc-8a3f70a4293f', 'facebook-marketing', '2024-12-20', 'What is Facebook’s algorithm primarily designed to do?', 'Optimize engagement', 'Increase ad revenue', 'Promote brands', 'None of the above', 'Optimize engagement'),
  ('d6e11f76-e8d5-4e5d-bcfc-8a3f70a4293f', 'facebook-marketing', '2024-12-20', 'What is the function of a Facebook Page for businesses?', 'To provide customer support', 'To showcase products and services', 'To share blog posts', 'All of the above', 'All of the above'),
  ('d6e11f76-e8d5-4e5d-bcfc-8a3f70a4293f', 'facebook-marketing', '2024-12-20', 'Which of the following is a key performance indicator for Facebook Ads?', 'CTR (Click-Through Rate)', 'Conversion Rate', 'Reach', 'All of the above', 'All of the above'),
  ('d6e11f76-e8d5-4e5d-bcfc-8a3f70a4293f', 'facebook-marketing', '2024-12-20', 'Which content format is ideal for Facebook ads?', 'Carousel ads', 'Text ads', 'Image ads', 'Video ads', 'Carousel ads'),
  ('d6e11f76-e8d5-4e5d-bcfc-8a3f70a4293f', 'facebook-marketing', '2024-12-20', 'What does Facebook’s retargeting feature allow you to do?', 'Target users who have previously interacted with your brand', 'Target users based on their location', 'Target users based on their age', 'None of the above', 'Target users who have previously interacted with your brand'),
  ('d6e11f76-e8d5-4e5d-bcfc-8a3f70a4293f', 'facebook-marketing', '2024-12-20', 'What is an example of an organic post on Facebook?', 'Paid advertisement', 'Post shared from a personal account', 'Post shared from a business page without paid promotion', 'Boosted post', 'Post shared from a business page without paid promotion'),
  ('d6e11f76-e8d5-4e5d-bcfc-8a3f70a4293f', 'facebook-marketing', '2024-12-20', 'Which of the following helps improve Facebook ad performance?', 'Regularly updating ad content', 'Segmenting target audience', 'A/B testing', 'All of the above', 'All of the above'),
  ('d6e11f76-e8d5-4e5d-bcfc-8a3f70a4293f', 'facebook-marketing', '2024-12-20', 'What is a Facebook Lookalike Audience?', 'A group of people similar to your existing customers', 'A group of competitors' , 'People who visit your website', 'None of the above', 'A group of people similar to your existing customers'),
  ('d6e11f76-e8d5-4e5d-bcfc-8a3f70a4293f', 'facebook-marketing', '2024-12-20', 'What is the importance of the Facebook Pixel?', 'Tracking conversions from Facebook ads', 'Designing ad creative', 'Creating customer support features', 'None of the above', 'Tracking conversions from Facebook ads'),
  ('d6e11f76-e8d5-4e5d-bcfc-8a3f70a4293f', 'facebook-marketing', '2024-12-20', 'What does “engagement” mean in the context of Facebook marketing?', 'Likes, comments, and shares on posts', 'Number of new followers', 'Website traffic', 'Ad clicks', 'Likes, comments, and shares on posts'),
  ('d6e11f76-e8d5-4e5d-bcfc-8a3f70a4293f', 'facebook-marketing', '2024-12-20', 'What is the role of “Call to Action” (CTA) in Facebook ads?', 'Encouraging users to take a specific action', 'Increasing ad budget', 'Increasing the ad duration', 'None of the above', 'Encouraging users to take a specific action'),
  ('d6e11f76-e8d5-4e5d-bcfc-8a3f70a4293f', 'facebook-marketing', '2024-12-20', 'What is a good strategy to increase Facebook Page followers?', 'Post regularly', 'Engage with comments', 'Promote page on other platforms', 'All of the above', 'All of the above'),
  ('d6e11f76-e8d5-4e5d-bcfc-8a3f70a4293f', 'facebook-marketing', '2024-12-20', 'Which of the following is a benefit of Facebook Ads?', 'Targeted audience', 'Cost-effective', 'Measureable results', 'All of the above', 'All of the above'),
  ('d6e11f76-e8d5-4e5d-bcfc-8a3f70a4293f', 'facebook-marketing', '2024-12-20', 'What is Facebook’s “Reach” metric?', 'The total number of people who saw your content', 'The total number of clicks on your ad', 'The number of likes on your post', 'The number of comments', 'The total number of people who saw your content'),
  ('b9a37b22-b354-4d80-9e4a-4fbd52ecac2b', 'instagram-marketing', '2024-12-15', 'What is the most effective post format on Instagram for engagement?', 'Image posts', 'Video posts', 'Stories', 'Reels', 'Reels'),
  ('b9a37b22-b354-4d80-9e4a-4fbd52ecac2b', 'instagram-marketing', '2024-12-15', 'What is the benefit of using hashtags on Instagram?', 'Increases the visibility of your posts', 'Improves engagement with followers', 'Helps build a community', 'All of the above', 'All of the above'),
  ('b9a37b22-b354-4d80-9e4a-4fbd52ecac2b', 'instagram-marketing', '2024-12-15', 'Which Instagram feature allows businesses to share time-sensitive content?', 'Instagram Stories', 'Instagram Feed', 'Instagram Live', 'Instagram Reels', 'Instagram Stories'),
  ('b9a37b22-b354-4d80-9e4a-4fbd52ecac2b', 'instagram-marketing', '2024-12-15', 'What is the key to increasing Instagram engagement?', 'Posting regularly', 'Using interactive features like polls and questions', 'Using high-quality images', 'All of the above', 'All of the above'),
  ('b9a37b22-b354-4d80-9e4a-4fbd52ecac2b', 'instagram-marketing', '2024-12-15', 'Which feature of Instagram allows users to share content with followers for 24 hours?', 'Instagram Feed', 'Instagram Stories', 'Instagram Live', 'Instagram Highlights', 'Instagram Stories'),
  ('b9a37b22-b354-4d80-9e4a-4fbd52ecac2b', 'instagram-marketing', '2024-12-15', 'What does Instagram’s algorithm prioritize for showing posts?', 'Engagement from followers', 'Post timing', 'Post length', 'Type of post', 'Engagement from followers'),
  ('b9a37b22-b354-4d80-9e4a-4fbd52ecac2b', 'instagram-marketing', '2024-12-15', 'What is the best way to promote user-generated content on Instagram?', 'Sharing posts from customers or followers', 'Using paid advertisements', 'Tagging influencers', 'Posting giveaways', 'Sharing posts from customers or followers'),
  ('b9a37b22-b354-4d80-9e4a-4fbd52ecac2b', 'instagram-marketing', '2024-12-15', 'Which of these is considered an important element for an Instagram profile?', 'A well-crafted bio', 'Aesthetic visuals', 'Engaging posts', 'All of the above', 'All of the above'),
  ('b9a37b22-b354-4d80-9e4a-4fbd52ecac2b', 'instagram-marketing', '2024-12-15', 'What role do Instagram Stories Highlights play in marketing?', 'Showcase key content permanently on your profile', 'Increase post reach', 'Boost sales', 'Increase follower count', 'Showcase key content permanently on your profile'),
  ('b9a37b22-b354-4d80-9e4a-4fbd52ecac2b', 'instagram-marketing', '2024-12-15', 'How can Instagram analytics help marketers?', 'Track post engagement', 'Monitor follower growth', 'Analyze audience demographics', 'All of the above', 'All of the above'),
  ('b9a37b22-b354-4d80-9e4a-4fbd52ecac2b', 'instagram-marketing', '2024-12-15', 'What is the key metric to measure the effectiveness of Instagram ads?', 'Click-through rate', 'Engagement rate', 'Conversion rate', 'Impressions', 'Conversion rate'),
  ('b9a37b22-b354-4d80-9e4a-4fbd52ecac2b', 'instagram-marketing', '2024-12-15', 'What is Instagram’s “Explore” page?', 'A feed of recommended content based on user interests', 'A feed of sponsored posts', 'A live video feature', 'A place to see business accounts only', 'A feed of recommended content based on user interests'),
  ('b9a37b22-b354-4d80-9e4a-4fbd52ecac2b', 'instagram-marketing', '2024-12-15', 'What is the purpose of Instagram Reels?', 'To share short-form video content', 'To host live broadcasts', 'To showcase photos', 'To provide instant updates', 'To share short-form video content'),
  ('b9a37b22-b354-4d80-9e4a-4fbd52ecac2b', 'instagram-marketing', '2024-12-15', 'What is a common way to improve engagement on Instagram posts?', 'Using catchy captions', 'Posting at optimal times', 'Using relevant hashtags', 'All of the above', 'All of the above'),
  ('b9a37b22-b354-4d80-9e4a-4fbd52ecac2b', 'instagram-marketing', '2024-12-15', 'Which Instagram feature is best suited for real-time engagement?', 'Instagram Live', 'Instagram Stories', 'Instagram Reels', 'Instagram Feed', 'Instagram Live'),
  ('b9a37b22-b354-4d80-9e4a-4fbd52ecac2b', 'instagram-marketing', '2024-12-15', 'How can you measure the success of an Instagram marketing campaign?', 'By tracking sales generated from posts', 'By analyzing engagement and reach metrics', 'By counting the number of followers gained', 'By comparing competitor posts', 'By analyzing engagement and reach metrics'),
  ('b9a37b22-b354-4d80-9e4a-4fbd52ecac2b', 'instagram-marketing', '2024-12-15', 'Which of the following is crucial for building a successful Instagram community?', 'Consistency in posting', 'Engaging with followers through comments and DMs', 'Running contests', 'All of the above', 'All of the above'),
  ('8f59f5d7-d397-4708-b94a-f8a7a424d51b', 'email-marketing', '2024-12-26', 'What is the most important factor for increasing email open rates?', 'Personalized subject lines', 'Time of sending', 'Length of the email', 'Sending to a larger list', 'Personalized subject lines'),
  ('8f59f5d7-d397-4708-b94a-f8a7a424d51b', 'email-marketing', '2024-12-26', 'What is a key metric for tracking email marketing success?', 'Click-through rate (CTR)', 'Bounce rate', 'Unsubscribe rate', 'Open rate', 'Click-through rate (CTR)'),
  ('8f59f5d7-d397-4708-b94a-f8a7a424d51b', 'email-marketing', '2024-12-26', 'What does A/B testing in email marketing help you with?', 'Choosing the best subject line', 'Improving email design', 'Optimizing sending time', 'All of the above', 'All of the above'),
  ('8f59f5d7-d397-4708-b94a-f8a7a424d51b', 'email-marketing', '2024-12-26', 'What is an essential part of email marketing automation?', 'Email personalization', 'Segmented email lists', 'Triggered email responses', 'All of the above', 'All of the above'),
  ('8f59f5d7-d397-4708-b94a-f8a7a424d51b', 'email-marketing', '2024-12-26', 'Which of these is an example of email segmentation?', 'Categorizing subscribers by location', 'Personalizing the email subject line', 'Including a discount code in the email', 'None of the above', 'Categorizing subscribers by location'),
  ('8f59f5d7-d397-4708-b94a-f8a7a424d51b', 'email-marketing', '2024-12-26', 'How often should promotional emails be sent?', 'Once a day', 'Once a week', 'Once a month', 'Based on the audience preference', 'Based on the audience preference'),
  ('8f59f5d7-d397-4708-b94a-f8a7a424d51b', 'email-marketing', '2024-12-26', 'What is the purpose of including a call-to-action (CTA) in an email?', 'To encourage recipients to take a desired action', 'To increase email length', 'To make the email more informative', 'To improve email design', 'To encourage recipients to take a desired action'),
  ('8f59f5d7-d397-4708-b94a-f8a7a424d51b', 'email-marketing', '2024-12-26', 'Which of the following is a strategy to reduce email unsubscribes?', 'Make emails highly relevant to the recipient', 'Send fewer emails', 'Offer clear unsubscribe options', 'All of the above', 'All of the above'),
  ('8f59f5d7-d397-4708-b94a-f8a7a424d51b', 'email-marketing', '2024-12-26', 'Which type of email content tends to drive the most conversions?', 'Exclusive offers and discounts', 'Newsletter updates', 'Product recommendations', 'Educational content', 'Exclusive offers and discounts'),
  ('8f59f5d7-d397-4708-b94a-f8a7a424d51b', 'email-marketing', '2024-12-26', 'What should be the primary focus of the email subject line?', 'To grab attention', 'To provide a summary of the email content', 'To introduce the sender', 'To make the email longer', 'To grab attention'),
  ('8f59f5d7-d397-4708-b94a-f8a7a424d51b', 'email-marketing', '2024-12-26', 'What does responsive email design ensure?', 'Emails display well on any device', 'Emails are longer', 'Emails are easy to read', 'Emails use larger fonts', 'Emails display well on any device'),
  ('8f59f5d7-d397-4708-b94a-f8a7a424d51b', 'email-marketing', '2024-12-26', 'What is the purpose of a welcome email in email marketing?', 'To introduce your business and set expectations for future emails', 'To sell a product', 'To announce upcoming promotions', 'To provide customer support', 'To introduce your business and set expectations for future emails'),
  ('8f59f5d7-d397-4708-b94a-f8a7a424d51b', 'email-marketing', '2024-12-26', 'Why is it important to clean and maintain your email list?', 'To reduce bounce rates', 'To increase open rates', 'To ensure messages are delivered to engaged subscribers', 'All of the above', 'All of the above'),
  ('8f59f5d7-d397-4708-b94a-f8a7a424d51b', 'email-marketing', '2024-12-26', 'What is the difference between a transactional email and a promotional email?', 'Transactional emails are triggered by specific actions, while promotional emails are marketing-driven', 'Transactional emails are longer', 'Transactional emails contain more graphics', 'None of the above', 'Transactional emails are triggered by specific actions, while promotional emails are marketing-driven'),
  ('8f59f5d7-d397-4708-b94a-f8a7a424d51b', 'email-marketing', '2024-12-26', 'Which of the following is true about email list segmentation?', 'It allows you to send more targeted and relevant content', 'It increases email bounce rates', 'It limits the number of people who can receive emails', 'None of the above', 'It allows you to send more targeted and relevant content'),
  ('8f59f5d7-d397-4708-b94a-f8a7a424d51b', 'email-marketing', '2024-12-26', 'What is the role of email frequency in conversion rates?', 'Too many emails can lead to unsubscribes, while too few can reduce engagement', 'Sending emails every day boosts conversions', 'Sending emails every week increases conversions', 'None of the above', 'Too many emails can lead to unsubscribes, while too few can reduce engagement'),
  ('8f59f5d7-d397-4708-b94a-f8a7a424d51b', 'email-marketing', '2024-12-26', 'What should be included in an effective email marketing campaign?', 'Clear subject lines, relevant content, and CTA', 'High-quality images', 'Product updates', 'All of the above', 'Clear subject lines, relevant content, and CTA'),
  ('8f59f5d7-d397-4708-b94a-f8a7a424d51b', 'email-marketing', '2024-12-26', 'What is an example of a behavior-driven email trigger?', 'Sending an email after a customer abandons their cart', 'Sending an email after a customer makes a purchase', 'Sending a birthday email', 'All of the above', 'All of the above'),
  ('8f59f5d7-d397-4708-b94a-f8a7a424d51b', 'email-marketing', '2024-12-26', 'What is the best way to increase the chances of an email being read?', 'Craft a compelling subject line', 'Use large fonts', 'Add more images', 'None of the above', 'Craft a compelling subject line'),
  ('b5ec8b87-48e7-432b-a660-f1841d74a6b3', 'twitter-marketing', '2024-12-29', 'What is the key to successful Twitter advertising?', 'Targeted audience', 'Engaging content', 'Frequency of ads', 'All of the above', 'All of the above'),
  ('b5ec8b87-48e7-432b-a660-f1841d74a6b3', 'twitter-marketing', '2024-12-29', 'Which Twitter ad type promotes engagement with tweets?', 'Twitter Amplify', 'Twitter Cards', 'Promoted Tweets', 'Twitter Takeover', 'Promoted Tweets'),
  ('b5ec8b87-48e7-432b-a660-f1841d74a6b3', 'twitter-marketing', '2024-12-29', 'Which metric is most important for measuring the success of Twitter ads?', 'Impressions', 'Engagement rate', 'Click-through rate', 'Cost per click', 'Engagement rate'),
  ('b5ec8b87-48e7-432b-a660-f1841d74a6b3', 'twitter-marketing', '2024-12-29', 'Which targeting option allows you to choose your audience based on their interests?', 'Keyword targeting', 'Interest targeting', 'Follower targeting', 'Location targeting', 'Interest targeting'),
  ('b5ec8b87-48e7-432b-a660-f1841d74a6b3', 'twitter-marketing', '2024-12-29', 'What is a Twitter "promoted trend"?', 'A paid advertisement shown in trending topics', 'An organic tweet promoted by users', 'A trending hashtag for contests', 'A new feature for Twitter ads', 'A paid advertisement shown in trending topics'),
  ('b5ec8b87-48e7-432b-a660-f1841d74a6b3', 'twitter-marketing', '2024-12-29', 'What is the main purpose of a Twitter Card?', 'To display content like images and videos', 'To display sponsored tweets', 'To promote trends', 'To direct followers to a landing page', 'To display content like images and videos'),
  ('b5ec8b87-48e7-432b-a660-f1841d74a6b3', 'twitter-marketing', '2024-12-29', 'Which type of content typically performs best in Twitter ads?', 'Short-form text', 'Video content', 'Infographics', 'Polls', 'Video content'),
  ('b5ec8b87-48e7-432b-a660-f1841d74a6b3', 'twitter-marketing', '2024-12-29', 'How can Twitter Ads help businesses?', 'Increase visibility', 'Drive traffic to websites', 'Promote products', 'All of the above', 'All of the above'),
  ('b5ec8b87-48e7-432b-a660-f1841d74a6b3', 'twitter-marketing', '2024-12-29', 'Which of these is the best strategy for optimizing Twitter ad campaigns?', 'Test different ad types', 'Refine audience targeting', 'Monitor ad performance', 'All of the above', 'All of the above'),
  ('b5ec8b87-48e7-432b-a660-f1841d74a6b3', 'twitter-marketing', '2024-12-29', 'What is the ideal frequency for Twitter ads?', 'Once a day', 'Once a week', 'Multiple times a day', 'Based on campaign goals', 'Based on campaign goals'),
  ('b5ec8b87-48e7-432b-a660-f1841d74a6b3', 'twitter-marketing', '2024-12-29', 'What is the primary benefit of using Twitter for paid advertising?', 'Large audience reach', 'Cost-efficiency', 'Real-time engagement', 'Targeted marketing', 'Large audience reach'),
  ('b5ec8b87-48e7-432b-a660-f1841d74a6b3', 'twitter-marketing', '2024-12-29', 'How can businesses measure the effectiveness of Twitter Ads?', 'By tracking conversions', 'By monitoring impressions', 'By analyzing engagement metrics', 'All of the above', 'All of the above'),
  ('b5ec8b87-48e7-432b-a660-f1841d74a6b3', 'twitter-marketing', '2024-12-29', 'Which type of Twitter ad is designed for video content?', 'Promoted Video', 'Twitter Card', 'Promoted Trend', 'Carousel Ads', 'Promoted Video'),
  ('b5ec8b87-48e7-432b-a660-f1841d74a6b3', 'twitter-marketing', '2024-12-29', 'What type of Twitter Ads campaign helps increase followers?', 'Follower Campaign', 'Website Click Campaign', 'Engagement Campaign', 'Conversion Campaign', 'Follower Campaign'),
  ('b5ec8b87-48e7-432b-a660-f1841d74a6b3', 'twitter-marketing', '2024-12-29', 'What does retargeting in Twitter Ads allow businesses to do?', 'Target users who have interacted with previous ads', 'Target users based on their interests', 'Target users based on location', 'Target users based on income', 'Target users who have interacted with previous ads'),
  ('b5ec8b87-48e7-432b-a660-f1841d74a6b3', 'twitter-marketing', '2024-12-29', 'What is the primary advantage of using video content in Twitter ads?', 'It grabs more attention', 'It is cost-effective', 'It delivers better performance data', 'It is more engaging', 'It grabs more attention'),
  ('b5ec8b87-48e7-432b-a660-f1841d74a6b3', 'twitter-marketing', '2024-12-29', 'What is the most important factor in designing a Twitter ad?', 'Visual appeal', 'Targeting the right audience', 'Creating engaging copy', 'All of the above', 'All of the above');




-- Insert into theory_questions (randomized theory questions for each course)
INSERT INTO theory_questions (project_id, course_enrolled, deadline, question)
VALUES
  -- facebook-marketing (2 questions)
('8c1f0f33-3e14-4b1b-b678-b80c22355f57', 'facebook-marketing', '2024-12-19', 'How can Facebook Ads help businesses increase their ROI through effective targeting strategies?'),
('e5c1a4bc-d4c5-4dbf-967f-9bb850ffb726', 'facebook-marketing', '2024-12-19', 'What are the key differences between Facebook Ads and Facebook organic posts in terms of reach and engagement?'),

-- Twitter Marketing
('ac1b8e9c-91e6-45e3-9fc7-305c5b7f2444', 'twitter-marketing', '2024-12-20', 'Discuss the role of Twitter Ads in driving website traffic and improving customer acquisition for e-commerce brands.'),
('3f7232ed-9a5c-49ab-b60c-c1e0a38d9b88', 'twitter-marketing', '2024-12-20', 'How can Twitter Ads be used effectively for brand awareness campaigns, and what metrics should businesses track?'),

-- Email Marketing
('64d74de9-dab5-467a-bf45-c712eb7ef63f', 'email-marketing', '2024-12-22', 'What are the best practices for segmenting email lists to improve conversion rates and user engagement?'),
('9f7685ab-2c5f-4419-8c83-2295aab9f111', 'email-marketing', '2024-12-22', 'How can businesses optimize email subject lines to increase open rates and drive conversions?'),

-- Instagram Marketing
('0a9a58be-ef1b-4b8f-a124-8fa58c44e37f', 'instagram-marketing', '2024-12-12', 'How can businesses leverage Instagram influencer marketing to boost credibility and increase customer trust?'),
('ec4d1e3f-3f2a-4b8a-baf4-faf1a79e1e3e', 'instagram-marketing', '2024-12-12', 'What role do hashtags play in increasing reach and engagement on Instagram, and how should businesses choose them?');




-- Insert into student_info (randomized student details)
INSERT INTO student_info (firstname, secondname, surname, course_enrolled, linkedin_url, phone, email, address, password, profile_pic_name, student_status, student_level, date_created, grad_date, student_task_id)
VALUES
('Toyin', 'Akinmosin', 'Ogunleye', 'facebook-marketing', 'https://www.linkedin.com/in/toyinakinmosin', '08039045678', 'toyinakinmosin@gmail.com', '123 Iroko Street, Lagos', 'password123', 'profile1.jpg', 'student', 'stage_1', '2024-12-10 02:48:31.987360', '2025-03-10', '49cbc845-260b-4fc3-b7ec-db306779eab3'),
('David', 'Okafor', 'Ugochukwu', 'facebook-marketing', 'https://www.linkedin.com/in/davidokafor', '08035468972', 'davidokafor@gmail.com', '456 Akintoye Road, Lagos', 'password456', 'profile2.jpg', 'student', 'stage_1', '2024-12-10 02:48:31.987360', '2025-03-10', '74f59b8b-9b65-41b9-bc0e-6f3ad92b8526'),
('Chigozie', 'Nwosu', 'Emeka', 'facebook-marketing', 'https://www.linkedin.com/in/chigozienwosu', '08037215544', 'chigozie.nwosu@gmail.com', '789 Bode Thomas Street, Lagos', 'password789', 'profile3.jpg', 'student', 'stage_1', '2024-12-10 02:48:31.987360', '2025-03-10', 'b624f88d-1f92-4e58-bad0-8d7b5ac163f7'),
('Abigail', 'Ogunyemi', 'Adebayo', 'facebook-marketing', 'https://www.linkedin.com/in/abigailogunyemi', '08033399344', 'abigailogunyemi@gmail.com', '101 Olamide Crescent, Lagos', 'password101', 'profile4.jpg', 'student', 'stage_1', '2024-12-10 02:48:31.987360', '2025-03-10', 'ab933b59-90ff-48d3-b4f9-82c22a455ac6'),
('Sarah', 'Nwachukwu', 'Joyce', 'facebook-marketing', 'https://www.linkedin.com/in/sarahnwachukwu', '08065499221', 'sarah.nwachukwu@gmail.com', '567 Olojo Drive, Lagos', 'password567', 'profile5.jpg', 'student', 'stage_1', '2024-12-10 02:48:31.987360', '2025-03-10', 'd03217a5-4e6e-4402-a74d-e1f6263c8c75'),
('Emeka', 'Ijeoma', 'Onuoha', 'facebook-marketing', 'https://www.linkedin.com/in/emekanjeoma', '08038193450', 'emekanjeoma@gmail.com', '34 Ibeju Lekki, Lagos', 'password34', 'profile6.jpg', 'student', 'stage_1', '2024-12-10 02:48:31.987360', '2025-03-10', 'e3d47c98-003a-4d8e-9f66-6b8ed90fcdf4'),
('Jumoke', 'Adebayo', 'Kehinde', 'facebook-marketing', 'https://www.linkedin.com/in/jumokeadebayo', '08031097812', 'jumokeadebayo@gmail.com', '98 Ajao Estate, Lagos', 'password98', 'profile7.jpg', 'student', 'stage_1', '2024-12-10 02:48:31.987360', '2025-03-10', '933e5f88-3500-4f9f-bac1-b167a2d8581b'),
('Chidi', 'Emmanuel', 'Okwara', 'facebook-marketing', 'https://www.linkedin.com/in/chidienmanuel', '08021568901', 'chidi.emmanuel@gmail.com', '332 Apapa Road, Lagos', 'password332', 'profile8.jpg', 'student', 'stage_1', '2024-12-10 02:48:31.987360', '2025-03-10', 'b502b957-dce2-4b13-a828-568b98d8a21a'),
('Micheal', 'John', 'Adebisi', 'facebook-marketing', 'https://www.linkedin.com/in/michealjohn', '08040065432', 'michealjohn@gmail.com', '109 Allen Avenue, Lagos', 'password109', 'profile9.jpg', 'student', 'stage_1', '2024-12-10 02:48:31.987360', '2025-03-10', 'a90d4556-60e9-4f62-b180-5b93b3c5f567'),
('Olumide', 'Ajayi', 'Olaniyi', 'facebook-marketing', 'https://www.linkedin.com/in/olumideajayi', '08021387456', 'olumideajayi@gmail.com', '23 Awolowo Way, Lagos', 'password23', 'profile10.jpg', 'student', 'stage_1', '2024-12-10 02:48:31.987360', '2025-03-10', '915e4b08-c8be-4f9d-a33b-d56e7f622b28'),

('Daramola', 'Kayode', 'Anthony', 'instagram-marketing', 'https://www.linkedin.com/kaydeemoney', '08034896059', 'daramola4082@gmail.com', 'No 24, Omisanjana Street, Ikorodu', 'csc154082', 'profile2.jpg', 'student', 'stage_1', '2024-12-10 02:48:31.987360', '2025-03-10', '79cbca85-1542-4024-913b-49845bd228ad'),
('Joy', 'Okoro', 'Ngozi', 'instagram-marketing', 'https://www.linkedin.com/in/joyokoro', '08036549832', 'joyokoro@gmail.com', '56 Idejo Street, Lagos', 'password56', 'profile2.jpg', 'student', 'stage_1', '2024-12-10 02:48:31.987360', '2025-03-10', '4d1b32bf-53ed-40cf-a58b-c6eb47c4e946'),
('Keneth', 'Adebisi', 'Olumide', 'instagram-marketing', 'https://www.linkedin.com/in/kenetha', '08043398732', 'kenetha@gmail.com', '124 Elepe Road, Ikorodu', 'password124', 'profile3.jpg', 'student', 'stage_1', '2024-12-10 02:48:31.987360', '2025-03-10', '1f56bcb7-d2b9-47a9-82cf-1f12f71a98c6'),
('Oluwaseun', 'Ajayi', 'Bola', 'instagram-marketing', 'https://www.linkedin.com/in/oluaseunajayi', '08029387212', 'oluaseunajayi@gmail.com', '98 Yaba Road, Lagos', 'password98', 'profile4.jpg', 'student', 'stage_1', '2024-12-10 02:48:31.987360', '2025-03-10', 'a4a279be-cb1d-42bb-8a7c-4590bc3886b9'),
('Olawale', 'Adeoye', 'Oluwafemi', 'instagram-marketing', 'https://www.linkedin.com/in/olawaleadeoye', '08036756342', 'olawaleadeoye@gmail.com', '5 Olorunshogo Street, Lagos', 'password5', 'profile5.jpg', 'student', 'stage_1', '2024-12-10 02:48:31.987360', '2025-03-10', 'd4e14c44-75e0-4c4e-a6db-1b08d6c7fd4d'),
('Chinonso', 'Eze', 'Cynthia', 'instagram-marketing', 'https://www.linkedin.com/in/chinonsoeze', '08034598842', 'chinonsoeze@gmail.com', '23 Ajibola Street, Lagos', 'password23', 'profile6.jpg', 'student', 'stage_1', '2024-12-10 02:48:31.987360', '2025-03-10', '46f8d28f-bfc2-4f59-b5c6-1e30990ecb42'),
('Adebimpe', 'Akinlabi', 'Fadekemi', 'instagram-marketing', 'https://www.linkedin.com/in/adebimpeakinlabi', '08033782698', 'adebimpeakinlabi@gmail.com', '56 Olowu Road, Lagos', 'password56', 'profile7.jpg', 'student', 'stage_1', '2024-12-10 02:48:31.987360', '2025-03-10', 'da3bcb56-d89a-42e0-9b9e-d9dfb23b6e85'),
('Abdulrahman', 'Adedeji', 'Ibrahim', 'instagram-marketing', 'https://www.linkedin.com/in/abdulrahmanadedeji', '08023568901', 'abdulrahmanadedeji@gmail.com', '123 Ogunlola Street, Lagos', 'password123', 'profile8.jpg', 'student', 'stage_1', '2024-12-10 02:48:31.987360', '2025-03-10', '2204f0d3-6745-42d8-87bb-cbe7fcf9e051'),
('Bolanle', 'Olaniyan', 'Olufunmilayo', 'instagram-marketing', 'https://www.linkedin.com/in/bolanleolaniyan', '08038191523', 'bolanleolaniyan@gmail.com', '45 Oritsejafor Road, Lagos', 'password45', 'profile9.jpg', 'student', 'stage_1', '2024-12-10 02:48:31.987360', '2025-03-10', '27639b23-04fc-44b7-9869-4fc4d6483786'),
('Joshua', 'Bamidele', 'Ogunlola', 'instagram-marketing', 'https://www.linkedin.com/in/joshuabamidele', '08021189434', 'joshuabamidele@gmail.com', '89 Ijebu-Ode Road, Lagos', 'password89', 'profile10.jpg', 'student', 'stage_1', '2024-12-10 02:48:31.987360', '2025-03-10', 'ed97fd9e-bd92-423d-b09c-3fbaed1b8ecf'),

('Adenike', 'Abiola', 'Joshua', 'twitter-marketing', 'https://www.linkedin.com/in/adenikeabiola', '08062348719', 'adenikeabiola@gmail.com', '109 Alaba Road, Lagos', 'password109', 'profile21.jpg', 'student', 'stage_1', '2024-12-10 02:48:31.987360', '2025-03-10', 'f33f86f0-d6ab-4680-b0f5-3bc9a937c7b2'),
('Tobiloba', 'Olamide', 'Olusegun', 'twitter-marketing', 'https://www.linkedin.com/in/tobilobaolamide', '08034793047', 'tobilobaolamide@gmail.com', '88 Onitsha Road, Lagos', 'password88', 'profile22.jpg', 'student', 'stage_1', '2024-12-10 02:48:31.987360', '2025-03-10', '4ab544d2-bdcb-460d-bbb6-e098f7f33228'),
('Kikelomo', 'Idowu', 'Adebayo', 'twitter-marketing', 'https://www.linkedin.com/in/kikelomoidowu', '08038471028', 'kikelomoidowu@gmail.com', '34 Oladipo Akinsanya, Lagos', 'password34', 'profile23.jpg', 'student', 'stage_1', '2024-12-10 02:48:31.987360', '2025-03-10', '4a5f5862-bdfa-47ac-b456-bfdd622dbd89'),
('Bamidele', 'Micheal', 'Oluwatobi', 'twitter-marketing', 'https://www.linkedin.com/in/bamidelemicheal', '08036482713', 'bamidelemicheal@gmail.com', '55 Oworo Street, Lagos', 'password55', 'profile24.jpg', 'student', 'stage_1', '2024-12-10 02:48:31.987360', '2025-03-10', '347c5f23-8f73-4a6e-b634-80b477bded84'),
('Blessing', 'Folarin', 'Obafemi', 'twitter-marketing', 'https://www.linkedin.com/in/blessingfolarin', '08030346719', 'blessingfolarin@gmail.com', '10 Anifowose Road, Lagos', 'password10', 'profile25.jpg', 'student', 'stage_1', '2024-12-10 02:48:31.987360', '2025-03-10', '726fd8d7-e9b5-4aeb-8d2a-cd9f03be024d'),
('Micheal', 'Oluwaseun', 'Ademola', 'twitter-marketing', 'https://www.linkedin.com/in/michealoluwaseun', '08046791522', 'michealoluwaseun@gmail.com', '38 Bashorun Road, Lagos', 'password38', 'profile26.jpg', 'student', 'stage_1', '2024-12-10 02:48:31.987360', '2025-03-10', '02e9b032-6c62-4a83-8f62-d5c9482d9db6'),
('Tolu', 'Adebayo', 'Morounkeji', 'twitter-marketing', 'https://www.linkedin.com/in/toluadebayo', '08035678350', 'toluadebayo@gmail.com', '13 Sango-Ota Road, Lagos', 'password13', 'profile27.jpg', 'student', 'stage_1', '2024-12-10 02:48:31.987360', '2025-03-10', '132dc697-9fa4-45d2-88da-8725cc2ff170'),
('Rita', 'Ogunyemi', 'Folake', 'twitter-marketing', 'https://www.linkedin.com/in/ritaogunyemi', '08049587342', 'ritaogunyemi@gmail.com', '19 Ikorodu Road, Lagos', 'password19', 'profile28.jpg', 'student', 'stage_1', '2024-12-10 02:48:31.987360', '2025-03-10', '3950f11f-6a84-4e5d-97e7-8cb6cc23c5c7'),
('Olumide', 'Oduntan', 'Ibrahim', 'twitter-marketing', 'https://www.linkedin.com/in/olumideoduntan', '08031421890', 'olumideoduntan@gmail.com', '22 Opebi Road, Lagos', 'password22', 'profile29.jpg', 'student', 'stage_1', '2024-12-10 02:48:31.987360', '2025-03-10', 'ee98d35d-bb42-44de-b9e6-90c9273f63ca'),
('Kunle', 'Olawale', 'Abimbola', 'twitter-marketing', 'https://www.linkedin.com/in/kunleolawale', '08045376329', 'kunleolawale@gmail.com', '42 Apapa-Oshodi Road, Lagos', 'password42', 'profile30.jpg', 'student', 'stage_1', '2024-12-10 02:48:31.987360', '2025-03-10', 'd660ab6a-e7bc-4441-8f3b-d8beee5d14f2'),
('Ruth', 'Adewale', 'Tunde', 'email-marketing', 'https://www.linkedin.com/in/ruthadewale', '08051234012', 'ruthadewale@gmail.com', '24 Murtala Mohammed Way, Lagos', 'password24', 'profile11.jpg', 'student', 'stage_1', '2024-12-10 02:48:31.987360', '2025-03-10', 'c3e54e2c-59c1-4f59-ae2f-699d70a12aef'),
('Michael', 'Onyeka', 'Chukwuemeka', 'email-marketing', 'https://www.linkedin.com/in/michaelonyeka', '08028394760', 'michaelonyeka@gmail.com', '12 Eko Boulevard, Lagos', 'password12', 'profile12.jpg', 'student', 'stage_1', '2024-12-10 02:48:31.987360', '2025-03-10', 'a7a6cbfe-0a0e-4682-b3fc-f9f8fdd0ddef'),
('Kehinde', 'Oluwadamilola', 'Adedeji', 'email-marketing', 'https://www.linkedin.com/in/kehindeoluwadamilola', '08064523498', 'kehindeoluwadamilola@gmail.com', '89 Iyana Ipaja, Lagos', 'password89', 'profile13.jpg', 'student', 'stage_1', '2024-12-10 02:48:31.987360', '2025-03-10', '1ab3473a-0b0d-4412-b2b7-29a8b45618f9'),
('Patricia', 'Alabi', 'Micheal', 'email-marketing', 'https://www.linkedin.com/in/patriciaalabi', '08047585909', 'patriciaalabi@gmail.com', '77 Victoria Island, Lagos', 'password77', 'profile14.jpg', 'student', 'stage_1', '2024-12-10 02:48:31.987360', '2025-03-10', '3d62506e-24f7-4bc7-8d61-c4d8d0b9805b'),
('Bolaji', 'Ibrahim', 'Yusuf', 'email-marketing', 'https://www.linkedin.com/in/bolajiibrahim', '08035568213', 'bolajiibrahim@gmail.com', '14 Bariga Road, Lagos', 'password14', 'profile15.jpg', 'student', 'stage_1', '2024-12-10 02:48:31.987360', '2025-03-10', 'd49cd98d-4416-4c72-bb69-855f3f659d0e'),
('Ifeoluwa', 'Oluwaseun', 'Akintoye', 'email-marketing', 'https://www.linkedin.com/in/ifeoluwaseun', '08056234678', 'ifeoluwaseun@gmail.com', '11 Ikoyi Road, Lagos', 'password11', 'profile16.jpg', 'student', 'stage_1', '2024-12-10 02:48:31.987360', '2025-03-10', '062a1f13-11b1-4b0e-a88b-bfb1e8f39c3d'),
('Tunde', 'Adewale', 'Olumide', 'email-marketing', 'https://www.linkedin.com/in/tundeadewale', '08034267894', 'tundeadewale@gmail.com', '56 Ojuelegba Street, Lagos', 'password56', 'profile17.jpg', 'student', 'stage_1', '2024-12-10 02:48:31.987360', '2025-03-10', 'e3d91e56-755f-49d0-a9d7-df20d472f9a5'),
('Seyi', 'Oluwatimilehin', 'Joshua', 'email-marketing', 'https://www.linkedin.com/in/seyioluwatimilehin', '08042598732', 'seyioluwatimilehin@gmail.com', '77 Apapa Road, Lagos', 'password77', 'profile18.jpg', 'student', 'stage_1', '2024-12-10 02:48:31.987360', '2025-03-10', 'b91f967f-149f-4ff1-97fb-9c1b56a3e68c'),
('Yewande', 'Afolabi', 'Olanrewaju', 'email-marketing', 'https://www.linkedin.com/in/yewandeafolabi', '08052101394', 'yewandeafolabi@gmail.com', '33 Ikorodu Road, Lagos', 'password33', 'profile19.jpg', 'student', 'stage_1', '2024-12-10 02:48:31.987360', '2025-03-10', '877cb0c2-7291-4ac7-b888-d4ffbb1ed7cc'),
('Victor', 'Alabi', 'Bola', 'email-marketing', 'https://www.linkedin.com/in/victoralabi', '08036753492', 'victoralabi@gmail.com', '29 GRA, Ikeja, Lagos', 'password29', 'profile20.jpg', 'student', 'stage_1', '2024-12-10 02:48:31.987360', '2025-03-10', 'd11055d0-5764-4b8b-b28e-ea0fd7cf83a2');
